country,alpha_2_code,alpha_3_code,numeric_code,indicator,time_period,obs_value,sex,unit_multiplier,unit_of_measure,observation_status,observation_confidentaility,time_period_activity_related_to_when_the_data_are_collected,current_age
Afghanistan,AF,AFG,4,Proportion of health care facilities with basic sanitation services,2016,2.5,Total,,%,,,,Total
Afghanistan,AF,AFG,4,Proportion of health care facilities with basic sanitation services,2017,2.5,Total,,%,,,,Total
Afghanistan,AF,AFG,4,Proportion of health care facilities with basic sanitation services,2018,2.5,Total,,%,,,,Total
Afghanistan,AF,AFG,4,Proportion of health care facilities with basic sanitation services,2019,2.5,Total,,%,,,,Total
Afghanistan,AF,AFG,4,Proportion of health care facilities with basic sanitation services,2020,2.5,Total,,%,,,,Total
Afghanistan,AF,AFG,4,Proportion of health care facilities with basic sanitation services,2021,2.5,Total,,%,,,,Total
Afghanistan,AF,AFG,4,Proportion of health care facilities with basic sanitation services,2022,2.5,Total,,%,,,,Total
Afghanistan,AF,AFG,4,Proportion of health care facilities with basic sanitation services,2023,2.5,Total,,%,,,,Total
Armenia,AM,ARM,51,Proportion of health care facilities with basic sanitation services,2014,41,Total,,%,,,,Total
Armenia,AM,ARM,51,Proportion of health care facilities with basic sanitation services,2015,41,Total,,%,,,,Total
Armenia,AM,ARM,51,Proportion of health care facilities with basic sanitation services,2016,41,Total,,%,,,,Total
Armenia,AM,ARM,51,Proportion of health care facilities with basic sanitation services,2017,41,Total,,%,,,,Total
Armenia,AM,ARM,51,Proportion of health care facilities with basic sanitation services,2018,41,Total,,%,,,,Total
Armenia,AM,ARM,51,Proportion of health care facilities with basic sanitation services,2019,41,Total,,%,,,,Total
Armenia,AM,ARM,51,Proportion of health care facilities with basic sanitation services,2020,41,Total,,%,,,,Total
Armenia,AM,ARM,51,Proportion of health care facilities with basic sanitation services,2021,41,Total,,%,,,,Total
Armenia,AM,ARM,51,Proportion of health care facilities with basic sanitation services,2022,41,Total,,%,,,,Total
Azerbaijan,AZ,AZE,31,Proportion of health care facilities with basic sanitation services,2014,48.00000000000001,Total,,%,,,,Total
Azerbaijan,AZ,AZE,31,Proportion of health care facilities with basic sanitation services,2015,48.00000000000001,Total,,%,,,,Total
Azerbaijan,AZ,AZE,31,Proportion of health care facilities with basic sanitation services,2016,48.00000000000001,Total,,%,,,,Total
Azerbaijan,AZ,AZE,31,Proportion of health care facilities with basic sanitation services,2017,48.00000000000001,Total,,%,,,,Total
Azerbaijan,AZ,AZE,31,Proportion of health care facilities with basic sanitation services,2018,48.00000000000001,Total,,%,,,,Total
Azerbaijan,AZ,AZE,31,Proportion of health care facilities with basic sanitation services,2019,48.00000000000001,Total,,%,,,,Total
Azerbaijan,AZ,AZE,31,Proportion of health care facilities with basic sanitation services,2020,48.00000000000001,Total,,%,,,,Total
Azerbaijan,AZ,AZE,31,Proportion of health care facilities with basic sanitation services,2021,48.00000000000001,Total,,%,,,,Total
Azerbaijan,AZ,AZE,31,Proportion of health care facilities with basic sanitation services,2022,48.00000000000001,Total,,%,,,,Total
Bangladesh,BD,BGD,50,Proportion of health care facilities with basic sanitation services,2014,31.25,Total,,%,,,,Total
Bangladesh,BD,BGD,50,Proportion of health care facilities with basic sanitation services,2015,31.25,Total,,%,,,,Total
Bangladesh,BD,BGD,50,Proportion of health care facilities with basic sanitation services,2016,31.25,Total,,%,,,,Total
Bangladesh,BD,BGD,50,Proportion of health care facilities with basic sanitation services,2017,31.25,Total,,%,,,,Total
Bangladesh,BD,BGD,50,Proportion of health care facilities with basic sanitation services,2018,31.25,Total,,%,,,,Total
Bangladesh,BD,BGD,50,Proportion of health care facilities with basic sanitation services,2019,31.25,Total,,%,,,,Total
Bangladesh,BD,BGD,50,Proportion of health care facilities with basic sanitation services,2020,31.25,Total,,%,,,,Total
Bangladesh,BD,BGD,50,Proportion of health care facilities with basic sanitation services,2021,31.25,Total,,%,,,,Total
Bangladesh,BD,BGD,50,Proportion of health care facilities with basic sanitation services,2022,31.25,Total,,%,,,,Total
Bhutan,BT,BTN,64,Proportion of health care facilities with basic sanitation services,2015,16.42,Total,,%,,,,Total
Bhutan,BT,BTN,64,Proportion of health care facilities with basic sanitation services,2016,16.42,Total,,%,,,,Total
Bhutan,BT,BTN,64,Proportion of health care facilities with basic sanitation services,2017,16.42,Total,,%,,,,Total
Bhutan,BT,BTN,64,Proportion of health care facilities with basic sanitation services,2018,16.42,Total,,%,,,,Total
Bhutan,BT,BTN,64,Proportion of health care facilities with basic sanitation services,2019,16.42,Total,,%,,,,Total
Bhutan,BT,BTN,64,Proportion of health care facilities with basic sanitation services,2020,16.42,Total,,%,,,,Total
Bhutan,BT,BTN,64,Proportion of health care facilities with basic sanitation services,2021,16.42,Total,,%,,,,Total
Bhutan,BT,BTN,64,Proportion of health care facilities with basic sanitation services,2022,16.42,Total,,%,,,,Total
Bhutan,BT,BTN,64,Proportion of health care facilities with basic sanitation services,2023,16.42,Total,,%,,,,Total
Brazil,BR,BRA,76,Proportion of health care facilities with basic sanitation services,2006,12.01089342105388,Total,,%,,,,Total
Brazil,BR,BRA,76,Proportion of health care facilities with basic sanitation services,2007,15.02933437500087,Total,,%,,,,Total
Brazil,BR,BRA,76,Proportion of health care facilities with basic sanitation services,2008,18.04777532894786,Total,,%,,,,Total
Brazil,BR,BRA,76,Proportion of health care facilities with basic sanitation services,2009,21.06621628289577,Total,,%,,,,Total
Brazil,BR,BRA,76,Proportion of health care facilities with basic sanitation services,2010,24.08465723684276,Total,,%,,,,Total
Brazil,BR,BRA,76,Proportion of health care facilities with basic sanitation services,2011,27.10309819079066,Total,,%,,,,Total
Brazil,BR,BRA,76,Proportion of health care facilities with basic sanitation services,2012,30.12153914473765,Total,,%,,,,Total
Brazil,BR,BRA,76,Proportion of health care facilities with basic sanitation services,2013,33.13998009868556,Total,,%,,,,Total
Brazil,BR,BRA,76,Proportion of health care facilities with basic sanitation services,2014,36.15842105263255,Total,,%,,,,Total
Brazil,BR,BRA,76,Proportion of health care facilities with basic sanitation services,2015,39.17686200657954,Total,,%,,,,Total
Brazil,BR,BRA,76,Proportion of health care facilities with basic sanitation services,2016,42.19530296052744,Total,,%,,,,Total
Brazil,BR,BRA,76,Proportion of health care facilities with basic sanitation services,2017,45.21374391447443,Total,,%,,,,Total
Brazil,BR,BRA,76,Proportion of health care facilities with basic sanitation services,2018,45.21374391447443,Total,,%,,,,Total
Brazil,BR,BRA,76,Proportion of health care facilities with basic sanitation services,2019,45.21374391447443,Total,,%,,,,Total
Brazil,BR,BRA,76,Proportion of health care facilities with basic sanitation services,2020,45.21374391447443,Total,,%,,,,Total
Brazil,BR,BRA,76,Proportion of health care facilities with basic sanitation services,2021,45.21374391447443,Total,,%,,,,Total
Burundi,BI,BDI,108,Proportion of health care facilities with basic sanitation services,2015,48.14516129032258,Total,,%,,,,Total
Burundi,BI,BDI,108,Proportion of health care facilities with basic sanitation services,2016,48.14516129032258,Total,,%,,,,Total
Burundi,BI,BDI,108,Proportion of health care facilities with basic sanitation services,2017,48.14516129032258,Total,,%,,,,Total
Burundi,BI,BDI,108,Proportion of health care facilities with basic sanitation services,2018,48.14516129032258,Total,,%,,,,Total
Burundi,BI,BDI,108,Proportion of health care facilities with basic sanitation services,2019,48.14516129032258,Total,,%,,,,Total
Burundi,BI,BDI,108,Proportion of health care facilities with basic sanitation services,2020,48.14516129032258,Total,,%,,,,Total
Burundi,BI,BDI,108,Proportion of health care facilities with basic sanitation services,2021,48.14516129032258,Total,,%,,,,Total
Burundi,BI,BDI,108,Proportion of health care facilities with basic sanitation services,2022,48.14516129032258,Total,,%,,,,Total
Burundi,BI,BDI,108,Proportion of health care facilities with basic sanitation services,2023,48.14516129032258,Total,,%,,,,Total
Cambodia,KH,KHM,116,Proportion of health care facilities with basic sanitation services,2020,22.1854,Total,,%,,,,Total
Cambodia,KH,KHM,116,Proportion of health care facilities with basic sanitation services,2021,22.1854,Total,,%,,,,Total
Cambodia,KH,KHM,116,Proportion of health care facilities with basic sanitation services,2022,22.1854,Total,,%,,,,Total
Cambodia,KH,KHM,116,Proportion of health care facilities with basic sanitation services,2023,22.1854,Total,,%,,,,Total
Central African Republic,CF,CAF,140,Proportion of health care facilities with basic sanitation services,2019,2,Total,,%,,,,Total
Central African Republic,CF,CAF,140,Proportion of health care facilities with basic sanitation services,2020,2,Total,,%,,,,Total
Central African Republic,CF,CAF,140,Proportion of health care facilities with basic sanitation services,2021,2,Total,,%,,,,Total
Central African Republic,CF,CAF,140,Proportion of health care facilities with basic sanitation services,2022,2,Total,,%,,,,Total
Central African Republic,CF,CAF,140,Proportion of health care facilities with basic sanitation services,2023,2,Total,,%,,,,Total
Comoros,KM,COM,174,Proportion of health care facilities with basic sanitation services,2014,2.4,Total,,%,,,,Total
Comoros,KM,COM,174,Proportion of health care facilities with basic sanitation services,2015,2.4,Total,,%,,,,Total
Comoros,KM,COM,174,Proportion of health care facilities with basic sanitation services,2016,2.4,Total,,%,,,,Total
Comoros,KM,COM,174,Proportion of health care facilities with basic sanitation services,2017,2.4,Total,,%,,,,Total
Comoros,KM,COM,174,Proportion of health care facilities with basic sanitation services,2018,2.4,Total,,%,,,,Total
Comoros,KM,COM,174,Proportion of health care facilities with basic sanitation services,2019,2.4,Total,,%,,,,Total
Comoros,KM,COM,174,Proportion of health care facilities with basic sanitation services,2020,2.4,Total,,%,,,,Total
Comoros,KM,COM,174,Proportion of health care facilities with basic sanitation services,2021,2.4,Total,,%,,,,Total
Comoros,KM,COM,174,Proportion of health care facilities with basic sanitation services,2022,2.4,Total,,%,,,,Total
Cook Islands,CK,COK,184,Proportion of health care facilities with basic sanitation services,2014,60,Total,,%,,,,Total
Cook Islands,CK,COK,184,Proportion of health care facilities with basic sanitation services,2015,60,Total,,%,,,,Total
Cook Islands,CK,COK,184,Proportion of health care facilities with basic sanitation services,2016,60,Total,,%,,,,Total
Cook Islands,CK,COK,184,Proportion of health care facilities with basic sanitation services,2017,60,Total,,%,,,,Total
Cook Islands,CK,COK,184,Proportion of health care facilities with basic sanitation services,2018,60,Total,,%,,,,Total
Cook Islands,CK,COK,184,Proportion of health care facilities with basic sanitation services,2019,60,Total,,%,,,,Total
Cook Islands,CK,COK,184,Proportion of health care facilities with basic sanitation services,2020,60,Total,,%,,,,Total
Cook Islands,CK,COK,184,Proportion of health care facilities with basic sanitation services,2021,60,Total,,%,,,,Total
Cook Islands,CK,COK,184,Proportion of health care facilities with basic sanitation services,2022,60,Total,,%,,,,Total
Croatia,HR,HRV,191,Proportion of health care facilities with basic sanitation services,2018,87.75510204081633,Total,,%,,,,Total
Croatia,HR,HRV,191,Proportion of health care facilities with basic sanitation services,2019,87.75510204081633,Total,,%,,,,Total
Croatia,HR,HRV,191,Proportion of health care facilities with basic sanitation services,2020,87.75510204081633,Total,,%,,,,Total
Croatia,HR,HRV,191,Proportion of health care facilities with basic sanitation services,2021,87.75510204081633,Total,,%,,,,Total
Croatia,HR,HRV,191,Proportion of health care facilities with basic sanitation services,2022,87.75510204081633,Total,,%,,,,Total
Croatia,HR,HRV,191,Proportion of health care facilities with basic sanitation services,2023,87.75510204081633,Total,,%,,,,Total
Egypt,EG,EGY,818,Proportion of health care facilities with basic sanitation services,2016,67.75956284153006,Total,,%,,,,Total
Egypt,EG,EGY,818,Proportion of health care facilities with basic sanitation services,2017,67.75956284153006,Total,,%,,,,Total
Egypt,EG,EGY,818,Proportion of health care facilities with basic sanitation services,2018,67.75956284153006,Total,,%,,,,Total
Egypt,EG,EGY,818,Proportion of health care facilities with basic sanitation services,2019,67.75956284153006,Total,,%,,,,Total
Egypt,EG,EGY,818,Proportion of health care facilities with basic sanitation services,2020,67.75956284153006,Total,,%,,,,Total
Egypt,EG,EGY,818,Proportion of health care facilities with basic sanitation services,2021,67.75956284153006,Total,,%,,,,Total
Egypt,EG,EGY,818,Proportion of health care facilities with basic sanitation services,2022,67.75956284153006,Total,,%,,,,Total
Egypt,EG,EGY,818,Proportion of health care facilities with basic sanitation services,2023,67.75956284153006,Total,,%,,,,Total
Estonia,EE,EST,233,Proportion of health care facilities with basic sanitation services,2000,100,Total,,%,,,,Total
Estonia,EE,EST,233,Proportion of health care facilities with basic sanitation services,2001,100,Total,,%,,,,Total
Estonia,EE,EST,233,Proportion of health care facilities with basic sanitation services,2002,100,Total,,%,,,,Total
Estonia,EE,EST,233,Proportion of health care facilities with basic sanitation services,2003,100,Total,,%,,,,Total
Estonia,EE,EST,233,Proportion of health care facilities with basic sanitation services,2004,100,Total,,%,,,,Total
Estonia,EE,EST,233,Proportion of health care facilities with basic sanitation services,2005,100,Total,,%,,,,Total
Estonia,EE,EST,233,Proportion of health care facilities with basic sanitation services,2006,100,Total,,%,,,,Total
Estonia,EE,EST,233,Proportion of health care facilities with basic sanitation services,2007,100,Total,,%,,,,Total
Estonia,EE,EST,233,Proportion of health care facilities with basic sanitation services,2008,100,Total,,%,,,,Total
Estonia,EE,EST,233,Proportion of health care facilities with basic sanitation services,2009,100,Total,,%,,,,Total
Estonia,EE,EST,233,Proportion of health care facilities with basic sanitation services,2010,100,Total,,%,,,,Total
Estonia,EE,EST,233,Proportion of health care facilities with basic sanitation services,2011,100,Total,,%,,,,Total
Estonia,EE,EST,233,Proportion of health care facilities with basic sanitation services,2012,100,Total,,%,,,,Total
Estonia,EE,EST,233,Proportion of health care facilities with basic sanitation services,2013,100,Total,,%,,,,Total
Estonia,EE,EST,233,Proportion of health care facilities with basic sanitation services,2014,100,Total,,%,,,,Total
Estonia,EE,EST,233,Proportion of health care facilities with basic sanitation services,2015,100,Total,,%,,,,Total
Estonia,EE,EST,233,Proportion of health care facilities with basic sanitation services,2016,100,Total,,%,,,,Total
Estonia,EE,EST,233,Proportion of health care facilities with basic sanitation services,2017,100,Total,,%,,,,Total
Estonia,EE,EST,233,Proportion of health care facilities with basic sanitation services,2018,100,Total,,%,,,,Total
Estonia,EE,EST,233,Proportion of health care facilities with basic sanitation services,2019,100,Total,,%,,,,Total
Estonia,EE,EST,233,Proportion of health care facilities with basic sanitation services,2020,100,Total,,%,,,,Total
Estonia,EE,EST,233,Proportion of health care facilities with basic sanitation services,2021,100,Total,,%,,,,Total
Estonia,EE,EST,233,Proportion of health care facilities with basic sanitation services,2022,100,Total,,%,,,,Total
Estonia,EE,EST,233,Proportion of health care facilities with basic sanitation services,2023,100,Total,,%,,,,Total
Ethiopia,ET,ETH,231,Proportion of health care facilities with basic sanitation services,2010,58.07309999999983,Total,,%,,,,Total
Ethiopia,ET,ETH,231,Proportion of health care facilities with basic sanitation services,2011,58.07309999999983,Total,,%,,,,Total
Ethiopia,ET,ETH,231,Proportion of health care facilities with basic sanitation services,2012,58.07309999999983,Total,,%,,,,Total
Ethiopia,ET,ETH,231,Proportion of health care facilities with basic sanitation services,2013,58.07309999999983,Total,,%,,,,Total
Ethiopia,ET,ETH,231,Proportion of health care facilities with basic sanitation services,2014,58.07309999999983,Total,,%,,,,Total
Ethiopia,ET,ETH,231,Proportion of health care facilities with basic sanitation services,2015,58.66154999999981,Total,,%,,,,Total
Ethiopia,ET,ETH,231,Proportion of health care facilities with basic sanitation services,2016,59.24999999999977,Total,,%,,,,Total
Ethiopia,ET,ETH,231,Proportion of health care facilities with basic sanitation services,2017,59.83844999999974,Total,,%,,,,Total
Ethiopia,ET,ETH,231,Proportion of health care facilities with basic sanitation services,2018,39.0328,Total,,%,,,,Total
Ethiopia,ET,ETH,231,Proportion of health care facilities with basic sanitation services,2019,39.0328,Total,,%,,,,Total
Ethiopia,ET,ETH,231,Proportion of health care facilities with basic sanitation services,2020,39.0328,Total,,%,,,,Total
Ethiopia,ET,ETH,231,Proportion of health care facilities with basic sanitation services,2021,39.0328,Total,,%,,,,Total
Ethiopia,ET,ETH,231,Proportion of health care facilities with basic sanitation services,2022,39.0328,Total,,%,,,,Total
Ethiopia,ET,ETH,231,Proportion of health care facilities with basic sanitation services,2023,39.0328,Total,,%,,,,Total
Fiji,FJ,FJI,242,Proportion of health care facilities with basic sanitation services,2013,9,Total,,%,,,,Total
Fiji,FJ,FJI,242,Proportion of health care facilities with basic sanitation services,2014,9,Total,,%,,,,Total
Fiji,FJ,FJI,242,Proportion of health care facilities with basic sanitation services,2015,9,Total,,%,,,,Total
Fiji,FJ,FJI,242,Proportion of health care facilities with basic sanitation services,2016,9,Total,,%,,,,Total
Fiji,FJ,FJI,242,Proportion of health care facilities with basic sanitation services,2017,9,Total,,%,,,,Total
Fiji,FJ,FJI,242,Proportion of health care facilities with basic sanitation services,2018,9,Total,,%,,,,Total
Fiji,FJ,FJI,242,Proportion of health care facilities with basic sanitation services,2019,9,Total,,%,,,,Total
Fiji,FJ,FJI,242,Proportion of health care facilities with basic sanitation services,2020,9,Total,,%,,,,Total
Fiji,FJ,FJI,242,Proportion of health care facilities with basic sanitation services,2021,9,Total,,%,,,,Total
Georgia,GE,GEO,268,Proportion of health care facilities with basic sanitation services,2017,13.75,Total,,%,,,,Total
Georgia,GE,GEO,268,Proportion of health care facilities with basic sanitation services,2018,13.75,Total,,%,,,,Total
Georgia,GE,GEO,268,Proportion of health care facilities with basic sanitation services,2019,13.75,Total,,%,,,,Total
Georgia,GE,GEO,268,Proportion of health care facilities with basic sanitation services,2020,13.75,Total,,%,,,,Total
Georgia,GE,GEO,268,Proportion of health care facilities with basic sanitation services,2021,13.75,Total,,%,,,,Total
Georgia,GE,GEO,268,Proportion of health care facilities with basic sanitation services,2022,13.75,Total,,%,,,,Total
Georgia,GE,GEO,268,Proportion of health care facilities with basic sanitation services,2023,13.75,Total,,%,,,,Total
Guinea-Bissau,GW,GNB,624,Proportion of health care facilities with basic sanitation services,2010,9.13904999999977,Total,,%,,,,Total
Guinea-Bissau,GW,GNB,624,Proportion of health care facilities with basic sanitation services,2011,9.13904999999977,Total,,%,,,,Total
Guinea-Bissau,GW,GNB,624,Proportion of health care facilities with basic sanitation services,2012,9.13904999999977,Total,,%,,,,Total
Guinea-Bissau,GW,GNB,624,Proportion of health care facilities with basic sanitation services,2013,9.13904999999977,Total,,%,,,,Total
Guinea-Bissau,GW,GNB,624,Proportion of health care facilities with basic sanitation services,2014,9.13904999999977,Total,,%,,,,Total
Guinea-Bissau,GW,GNB,624,Proportion of health care facilities with basic sanitation services,2015,11.08344642857128,Total,,%,,,,Total
Guinea-Bissau,GW,GNB,624,Proportion of health care facilities with basic sanitation services,2016,13.02784285714279,Total,,%,,,,Total
Guinea-Bissau,GW,GNB,624,Proportion of health care facilities with basic sanitation services,2017,14.97223928571384,Total,,%,,,,Total
Guinea-Bissau,GW,GNB,624,Proportion of health care facilities with basic sanitation services,2018,16.91663571428535,Total,,%,,,,Total
Guinea-Bissau,GW,GNB,624,Proportion of health care facilities with basic sanitation services,2019,17.36734642857209,Total,,%,,,,Total
Guinea-Bissau,GW,GNB,624,Proportion of health care facilities with basic sanitation services,2020,15.2552857142864,Total,,%,,,,Total
Guinea-Bissau,GW,GNB,624,Proportion of health care facilities with basic sanitation services,2021,13.14322500000071,Total,,%,,,,Total
Guinea-Bissau,GW,GNB,624,Proportion of health care facilities with basic sanitation services,2022,11.03116428571502,Total,,%,,,,Total
Guinea-Bissau,GW,GNB,624,Proportion of health care facilities with basic sanitation services,2023,8.919103571429332,Total,,%,,,,Total
Honduras,HN,HND,340,Proportion of health care facilities with basic sanitation services,2011,17.55995,Total,,%,,,,Total
Honduras,HN,HND,340,Proportion of health care facilities with basic sanitation services,2012,17.55995,Total,,%,,,,Total
Honduras,HN,HND,340,Proportion of health care facilities with basic sanitation services,2013,3.75,Total,,%,,,,Total
Honduras,HN,HND,340,Proportion of health care facilities with basic sanitation services,2014,3.75,Total,,%,,,,Total
Honduras,HN,HND,340,Proportion of health care facilities with basic sanitation services,2015,3.75,Total,,%,,,,Total
Honduras,HN,HND,340,Proportion of health care facilities with basic sanitation services,2016,3.75,Total,,%,,,,Total
Honduras,HN,HND,340,Proportion of health care facilities with basic sanitation services,2017,3.75,Total,,%,,,,Total
Honduras,HN,HND,340,Proportion of health care facilities with basic sanitation services,2018,3.75,Total,,%,,,,Total
Honduras,HN,HND,340,Proportion of health care facilities with basic sanitation services,2019,3.75,Total,,%,,,,Total
Honduras,HN,HND,340,Proportion of health care facilities with basic sanitation services,2020,3.75,Total,,%,,,,Total
Honduras,HN,HND,340,Proportion of health care facilities with basic sanitation services,2021,3.75,Total,,%,,,,Total
Honduras,HN,HND,340,Proportion of health care facilities with basic sanitation services,2022,17.55995,Total,,%,,,,Total
Honduras,HN,HND,340,Proportion of health care facilities with basic sanitation services,2023,17.55995,Total,,%,,,,Total
"Iran, Islamic Republic of",IR,IRN,364,Proportion of health care facilities with basic sanitation services,2017,21.6981,Total,,%,,,,Total
"Iran, Islamic Republic of",IR,IRN,364,Proportion of health care facilities with basic sanitation services,2018,21.6981,Total,,%,,,,Total
"Iran, Islamic Republic of",IR,IRN,364,Proportion of health care facilities with basic sanitation services,2019,21.6981,Total,,%,,,,Total
"Iran, Islamic Republic of",IR,IRN,364,Proportion of health care facilities with basic sanitation services,2020,21.6981,Total,,%,,,,Total
"Iran, Islamic Republic of",IR,IRN,364,Proportion of health care facilities with basic sanitation services,2021,21.6981,Total,,%,,,,Total
"Iran, Islamic Republic of",IR,IRN,364,Proportion of health care facilities with basic sanitation services,2022,21.6981,Total,,%,,,,Total
"Iran, Islamic Republic of",IR,IRN,364,Proportion of health care facilities with basic sanitation services,2023,21.6981,Total,,%,,,,Total
Iraq,IQ,IRQ,368,Proportion of health care facilities with basic sanitation services,2015,16.54591926298157,Total,,%,,,,Total
Iraq,IQ,IRQ,368,Proportion of health care facilities with basic sanitation services,2016,16.54591926298157,Total,,%,,,,Total
Iraq,IQ,IRQ,368,Proportion of health care facilities with basic sanitation services,2017,16.54591926298157,Total,,%,,,,Total
Iraq,IQ,IRQ,368,Proportion of health care facilities with basic sanitation services,2018,16.54591926298157,Total,,%,,,,Total
Iraq,IQ,IRQ,368,Proportion of health care facilities with basic sanitation services,2019,2.770519262981574,Total,,%,,,,Total
Iraq,IQ,IRQ,368,Proportion of health care facilities with basic sanitation services,2020,2.770519262981574,Total,,%,,,,Total
Iraq,IQ,IRQ,368,Proportion of health care facilities with basic sanitation services,2021,2.770519262981574,Total,,%,,,,Total
Iraq,IQ,IRQ,368,Proportion of health care facilities with basic sanitation services,2022,2.770519262981574,Total,,%,,,,Total
Iraq,IQ,IRQ,368,Proportion of health care facilities with basic sanitation services,2023,2.770519262981574,Total,,%,,,,Total
Jordan,JO,JOR,400,Proportion of health care facilities with basic sanitation services,2019,22.2004,Total,,%,,,,Total
Jordan,JO,JOR,400,Proportion of health care facilities with basic sanitation services,2020,22.2004,Total,,%,,,,Total
Jordan,JO,JOR,400,Proportion of health care facilities with basic sanitation services,2021,22.2004,Total,,%,,,,Total
Jordan,JO,JOR,400,Proportion of health care facilities with basic sanitation services,2022,22.2004,Total,,%,,,,Total
Jordan,JO,JOR,400,Proportion of health care facilities with basic sanitation services,2023,22.2004,Total,,%,,,,Total
Kenya,KE,KEN,404,Proportion of health care facilities with basic sanitation services,2012,0,Total,,%,,,,Total
Kenya,KE,KEN,404,Proportion of health care facilities with basic sanitation services,2013,0,Total,,%,,,,Total
Kenya,KE,KEN,404,Proportion of health care facilities with basic sanitation services,2014,0,Total,,%,,,,Total
Kenya,KE,KEN,404,Proportion of health care facilities with basic sanitation services,2015,0,Total,,%,,,,Total
Kenya,KE,KEN,404,Proportion of health care facilities with basic sanitation services,2016,0,Total,,%,,,,Total
Kenya,KE,KEN,404,Proportion of health care facilities with basic sanitation services,2017,1.54569999999967,Total,,%,,,,Total
Kenya,KE,KEN,404,Proportion of health care facilities with basic sanitation services,2018,3.754750000000058,Total,,%,,,,Total
Kenya,KE,KEN,404,Proportion of health care facilities with basic sanitation services,2019,5.963799999999538,Total,,%,,,,Total
Kenya,KE,KEN,404,Proportion of health care facilities with basic sanitation services,2020,8.172849999999926,Total,,%,,,,Total
Kenya,KE,KEN,404,Proportion of health care facilities with basic sanitation services,2021,10.38190000000031,Total,,%,,,,Total
Kenya,KE,KEN,404,Proportion of health care facilities with basic sanitation services,2022,12.59094999999979,Total,,%,,,,Total
Kenya,KE,KEN,404,Proportion of health care facilities with basic sanitation services,2023,14.80000000000018,Total,,%,,,,Total
Kiribati,KI,KIR,296,Proportion of health care facilities with basic sanitation services,2019,1.6667,Total,,%,,,,Total
Kiribati,KI,KIR,296,Proportion of health care facilities with basic sanitation services,2020,1.6667,Total,,%,,,,Total
Kiribati,KI,KIR,296,Proportion of health care facilities with basic sanitation services,2021,1.6667,Total,,%,,,,Total
Kiribati,KI,KIR,296,Proportion of health care facilities with basic sanitation services,2022,1.6667,Total,,%,,,,Total
Kiribati,KI,KIR,296,Proportion of health care facilities with basic sanitation services,2023,1.6667,Total,,%,,,,Total
Kuwait,KW,KWT,414,Proportion of health care facilities with basic sanitation services,2000,100,Total,,%,,,,Total
Kuwait,KW,KWT,414,Proportion of health care facilities with basic sanitation services,2001,100,Total,,%,,,,Total
Kuwait,KW,KWT,414,Proportion of health care facilities with basic sanitation services,2002,100,Total,,%,,,,Total
Kuwait,KW,KWT,414,Proportion of health care facilities with basic sanitation services,2003,100,Total,,%,,,,Total
Kuwait,KW,KWT,414,Proportion of health care facilities with basic sanitation services,2004,100,Total,,%,,,,Total
Kuwait,KW,KWT,414,Proportion of health care facilities with basic sanitation services,2005,100,Total,,%,,,,Total
Kuwait,KW,KWT,414,Proportion of health care facilities with basic sanitation services,2006,100,Total,,%,,,,Total
Kuwait,KW,KWT,414,Proportion of health care facilities with basic sanitation services,2007,100,Total,,%,,,,Total
Kuwait,KW,KWT,414,Proportion of health care facilities with basic sanitation services,2008,100,Total,,%,,,,Total
Kuwait,KW,KWT,414,Proportion of health care facilities with basic sanitation services,2009,100,Total,,%,,,,Total
Kuwait,KW,KWT,414,Proportion of health care facilities with basic sanitation services,2010,100,Total,,%,,,,Total
Kuwait,KW,KWT,414,Proportion of health care facilities with basic sanitation services,2011,100,Total,,%,,,,Total
Kuwait,KW,KWT,414,Proportion of health care facilities with basic sanitation services,2012,100,Total,,%,,,,Total
Kuwait,KW,KWT,414,Proportion of health care facilities with basic sanitation services,2013,100,Total,,%,,,,Total
Kuwait,KW,KWT,414,Proportion of health care facilities with basic sanitation services,2014,100,Total,,%,,,,Total
Kuwait,KW,KWT,414,Proportion of health care facilities with basic sanitation services,2015,100,Total,,%,,,,Total
Kuwait,KW,KWT,414,Proportion of health care facilities with basic sanitation services,2016,100,Total,,%,,,,Total
Kuwait,KW,KWT,414,Proportion of health care facilities with basic sanitation services,2017,100,Total,,%,,,,Total
Kuwait,KW,KWT,414,Proportion of health care facilities with basic sanitation services,2018,100,Total,,%,,,,Total
Kuwait,KW,KWT,414,Proportion of health care facilities with basic sanitation services,2019,100,Total,,%,,,,Total
Kuwait,KW,KWT,414,Proportion of health care facilities with basic sanitation services,2020,100,Total,,%,,,,Total
Kuwait,KW,KWT,414,Proportion of health care facilities with basic sanitation services,2021,100,Total,,%,,,,Total
Kuwait,KW,KWT,414,Proportion of health care facilities with basic sanitation services,2022,100,Total,,%,,,,Total
Kuwait,KW,KWT,414,Proportion of health care facilities with basic sanitation services,2023,100,Total,,%,,,,Total
Lao People's Democratic Republic,LA,LAO,418,Proportion of health care facilities with basic sanitation services,2018,4.1296,Total,,%,,,,Total
Lao People's Democratic Republic,LA,LAO,418,Proportion of health care facilities with basic sanitation services,2019,4.1296,Total,,%,,,,Total
Lao People's Democratic Republic,LA,LAO,418,Proportion of health care facilities with basic sanitation services,2020,4.1296,Total,,%,,,,Total
Lao People's Democratic Republic,LA,LAO,418,Proportion of health care facilities with basic sanitation services,2021,4.1296,Total,,%,,,,Total
Lao People's Democratic Republic,LA,LAO,418,Proportion of health care facilities with basic sanitation services,2022,4.1296,Total,,%,,,,Total
Lao People's Democratic Republic,LA,LAO,418,Proportion of health care facilities with basic sanitation services,2023,4.1296,Total,,%,,,,Total
Lebanon,LB,LBN,422,Proportion of health care facilities with basic sanitation services,2013,16.2,Total,,%,,,,Total
Lebanon,LB,LBN,422,Proportion of health care facilities with basic sanitation services,2014,16.2,Total,,%,,,,Total
Lebanon,LB,LBN,422,Proportion of health care facilities with basic sanitation services,2015,16.2,Total,,%,,,,Total
Lebanon,LB,LBN,422,Proportion of health care facilities with basic sanitation services,2016,16.2,Total,,%,,,,Total
Lebanon,LB,LBN,422,Proportion of health care facilities with basic sanitation services,2017,16.2,Total,,%,,,,Total
Lebanon,LB,LBN,422,Proportion of health care facilities with basic sanitation services,2018,16.2,Total,,%,,,,Total
Lebanon,LB,LBN,422,Proportion of health care facilities with basic sanitation services,2019,16.2,Total,,%,,,,Total
Lebanon,LB,LBN,422,Proportion of health care facilities with basic sanitation services,2020,16.2,Total,,%,,,,Total
Lebanon,LB,LBN,422,Proportion of health care facilities with basic sanitation services,2021,16.2,Total,,%,,,,Total
Lesotho,LS,LSO,426,Proportion of health care facilities with basic sanitation services,2007,0,Total,,%,,,,Total
Lesotho,LS,LSO,426,Proportion of health care facilities with basic sanitation services,2008,0,Total,,%,,,,Total
Lesotho,LS,LSO,426,Proportion of health care facilities with basic sanitation services,2009,0,Total,,%,,,,Total
Lesotho,LS,LSO,426,Proportion of health care facilities with basic sanitation services,2010,0,Total,,%,,,,Total
Lesotho,LS,LSO,426,Proportion of health care facilities with basic sanitation services,2011,0,Total,,%,,,,Total
Lesotho,LS,LSO,426,Proportion of health care facilities with basic sanitation services,2012,0,Total,,%,,,,Total
Lesotho,LS,LSO,426,Proportion of health care facilities with basic sanitation services,2013,0,Total,,%,,,,Total
Lesotho,LS,LSO,426,Proportion of health care facilities with basic sanitation services,2014,0,Total,,%,,,,Total
Lesotho,LS,LSO,426,Proportion of health care facilities with basic sanitation services,2015,0,Total,,%,,,,Total
Liberia,LR,LBR,430,Proportion of health care facilities with basic sanitation services,2009,3.190555289135385,Total,,%,,,,Total
Liberia,LR,LBR,430,Proportion of health care facilities with basic sanitation services,2010,3.190555289135385,Total,,%,,,,Total
Liberia,LR,LBR,430,Proportion of health care facilities with basic sanitation services,2011,3.190555289135385,Total,,%,,,,Total
Liberia,LR,LBR,430,Proportion of health care facilities with basic sanitation services,2012,3.190555289135385,Total,,%,,,,Total
Liberia,LR,LBR,430,Proportion of health care facilities with basic sanitation services,2013,3.190555289135385,Total,,%,,,,Total
Liberia,LR,LBR,430,Proportion of health care facilities with basic sanitation services,2014,3.190555289135385,Total,,%,,,,Total
Liberia,LR,LBR,430,Proportion of health care facilities with basic sanitation services,2015,3.190555289135385,Total,,%,,,,Total
Liberia,LR,LBR,430,Proportion of health care facilities with basic sanitation services,2016,3.190555289135385,Total,,%,,,,Total
Liberia,LR,LBR,430,Proportion of health care facilities with basic sanitation services,2017,3.190555289135385,Total,,%,,,,Total
Malawi,MW,MWI,454,Proportion of health care facilities with basic sanitation services,2013,3.2967,Total,,%,,,,Total
Malawi,MW,MWI,454,Proportion of health care facilities with basic sanitation services,2014,3.2967,Total,,%,,,,Total
Malawi,MW,MWI,454,Proportion of health care facilities with basic sanitation services,2015,3.2967,Total,,%,,,,Total
Malawi,MW,MWI,454,Proportion of health care facilities with basic sanitation services,2016,3.2967,Total,,%,,,,Total
Malawi,MW,MWI,454,Proportion of health care facilities with basic sanitation services,2017,3.2967,Total,,%,,,,Total
Malawi,MW,MWI,454,Proportion of health care facilities with basic sanitation services,2018,3.2967,Total,,%,,,,Total
Malawi,MW,MWI,454,Proportion of health care facilities with basic sanitation services,2019,3.2967,Total,,%,,,,Total
Malawi,MW,MWI,454,Proportion of health care facilities with basic sanitation services,2020,3.2967,Total,,%,,,,Total
Malawi,MW,MWI,454,Proportion of health care facilities with basic sanitation services,2021,3.2967,Total,,%,,,,Total
Malaysia,MY,MYS,458,Proportion of health care facilities with basic sanitation services,2019,70.3626220362622,Total,,%,,,,Total
Malaysia,MY,MYS,458,Proportion of health care facilities with basic sanitation services,2020,70.3626220362622,Total,,%,,,,Total
Malaysia,MY,MYS,458,Proportion of health care facilities with basic sanitation services,2021,70.3626220362622,Total,,%,,,,Total
Malaysia,MY,MYS,458,Proportion of health care facilities with basic sanitation services,2022,70.3626220362622,Total,,%,,,,Total
Malaysia,MY,MYS,458,Proportion of health care facilities with basic sanitation services,2023,70.3626220362622,Total,,%,,,,Total
Maldives,MV,MDV,462,Proportion of health care facilities with basic sanitation services,2014,14.9,Total,,%,,,,Total
Maldives,MV,MDV,462,Proportion of health care facilities with basic sanitation services,2015,14.9,Total,,%,,,,Total
Maldives,MV,MDV,462,Proportion of health care facilities with basic sanitation services,2016,14.9,Total,,%,,,,Total
Maldives,MV,MDV,462,Proportion of health care facilities with basic sanitation services,2017,14.9,Total,,%,,,,Total
Maldives,MV,MDV,462,Proportion of health care facilities with basic sanitation services,2018,14.9,Total,,%,,,,Total
Maldives,MV,MDV,462,Proportion of health care facilities with basic sanitation services,2019,14.9,Total,,%,,,,Total
Maldives,MV,MDV,462,Proportion of health care facilities with basic sanitation services,2020,14.9,Total,,%,,,,Total
Maldives,MV,MDV,462,Proportion of health care facilities with basic sanitation services,2021,14.9,Total,,%,,,,Total
Maldives,MV,MDV,462,Proportion of health care facilities with basic sanitation services,2022,14.9,Total,,%,,,,Total
Mali,ML,MLI,466,Proportion of health care facilities with basic sanitation services,2018,10,Total,,%,,,,Total
Mali,ML,MLI,466,Proportion of health care facilities with basic sanitation services,2019,10,Total,,%,,,,Total
Mali,ML,MLI,466,Proportion of health care facilities with basic sanitation services,2020,10,Total,,%,,,,Total
Mali,ML,MLI,466,Proportion of health care facilities with basic sanitation services,2021,10,Total,,%,,,,Total
Mali,ML,MLI,466,Proportion of health care facilities with basic sanitation services,2022,10,Total,,%,,,,Total
Mali,ML,MLI,466,Proportion of health care facilities with basic sanitation services,2023,10,Total,,%,,,,Total
Malta,MT,MLT,470,Proportion of health care facilities with basic sanitation services,2019,61.9,Total,,%,,,,Total
Malta,MT,MLT,470,Proportion of health care facilities with basic sanitation services,2020,61.9,Total,,%,,,,Total
Malta,MT,MLT,470,Proportion of health care facilities with basic sanitation services,2021,61.9,Total,,%,,,,Total
Malta,MT,MLT,470,Proportion of health care facilities with basic sanitation services,2022,61.9,Total,,%,,,,Total
Malta,MT,MLT,470,Proportion of health care facilities with basic sanitation services,2023,61.9,Total,,%,,,,Total
"Micronesia, Federated States of",FM,FSM,583,Proportion of health care facilities with basic sanitation services,2017,18.1818,Total,,%,,,,Total
"Micronesia, Federated States of",FM,FSM,583,Proportion of health care facilities with basic sanitation services,2018,18.1818,Total,,%,,,,Total
"Micronesia, Federated States of",FM,FSM,583,Proportion of health care facilities with basic sanitation services,2019,18.1818,Total,,%,,,,Total
"Micronesia, Federated States of",FM,FSM,583,Proportion of health care facilities with basic sanitation services,2020,18.1818,Total,,%,,,,Total
"Micronesia, Federated States of",FM,FSM,583,Proportion of health care facilities with basic sanitation services,2021,18.1818,Total,,%,,,,Total
"Micronesia, Federated States of",FM,FSM,583,Proportion of health care facilities with basic sanitation services,2022,18.1818,Total,,%,,,,Total
"Micronesia, Federated States of",FM,FSM,583,Proportion of health care facilities with basic sanitation services,2023,18.1818,Total,,%,,,,Total
Mongolia,MN,MNG,496,Proportion of health care facilities with basic sanitation services,2019,39.8119,Total,,%,,,,Total
Mongolia,MN,MNG,496,Proportion of health care facilities with basic sanitation services,2020,39.8119,Total,,%,,,,Total
Mongolia,MN,MNG,496,Proportion of health care facilities with basic sanitation services,2021,39.8119,Total,,%,,,,Total
Mongolia,MN,MNG,496,Proportion of health care facilities with basic sanitation services,2022,39.8119,Total,,%,,,,Total
Mongolia,MN,MNG,496,Proportion of health care facilities with basic sanitation services,2023,39.8119,Total,,%,,,,Total
Morocco,MA,MAR,504,Proportion of health care facilities with basic sanitation services,2018,10.087,Total,,%,,,,Total
Morocco,MA,MAR,504,Proportion of health care facilities with basic sanitation services,2019,10.087,Total,,%,,,,Total
Morocco,MA,MAR,504,Proportion of health care facilities with basic sanitation services,2020,10.087,Total,,%,,,,Total
Morocco,MA,MAR,504,Proportion of health care facilities with basic sanitation services,2021,10.087,Total,,%,,,,Total
Morocco,MA,MAR,504,Proportion of health care facilities with basic sanitation services,2022,10.087,Total,,%,,,,Total
Morocco,MA,MAR,504,Proportion of health care facilities with basic sanitation services,2023,10.087,Total,,%,,,,Total
Mozambique,MZ,MOZ,508,Proportion of health care facilities with basic sanitation services,2014,43.06145,Total,,%,,,,Total
Mozambique,MZ,MOZ,508,Proportion of health care facilities with basic sanitation services,2015,43.06145,Total,,%,,,,Total
Mozambique,MZ,MOZ,508,Proportion of health care facilities with basic sanitation services,2016,43.06145,Total,,%,,,,Total
Mozambique,MZ,MOZ,508,Proportion of health care facilities with basic sanitation services,2017,43.06145,Total,,%,,,,Total
Mozambique,MZ,MOZ,508,Proportion of health care facilities with basic sanitation services,2018,43.06145,Total,,%,,,,Total
Mozambique,MZ,MOZ,508,Proportion of health care facilities with basic sanitation services,2019,43.06145,Total,,%,,,,Total
Mozambique,MZ,MOZ,508,Proportion of health care facilities with basic sanitation services,2020,43.06145,Total,,%,,,,Total
Mozambique,MZ,MOZ,508,Proportion of health care facilities with basic sanitation services,2021,43.06145,Total,,%,,,,Total
Mozambique,MZ,MOZ,508,Proportion of health care facilities with basic sanitation services,2022,43.06145,Total,,%,,,,Total
Nepal,NP,NPL,524,Proportion of health care facilities with basic sanitation services,2017,11.16409999999996,Total,,%,,,,Total
Nepal,NP,NPL,524,Proportion of health care facilities with basic sanitation services,2018,12.8146999999999,Total,,%,,,,Total
Nepal,NP,NPL,524,Proportion of health care facilities with basic sanitation services,2019,14.46529999999984,Total,,%,,,,Total
Nepal,NP,NPL,524,Proportion of health care facilities with basic sanitation services,2020,16.11589999999978,Total,,%,,,,Total
Nepal,NP,NPL,524,Proportion of health care facilities with basic sanitation services,2021,17.76649999999972,Total,,%,,,,Total
Nepal,NP,NPL,524,Proportion of health care facilities with basic sanitation services,2022,19.41710000000012,Total,,%,,,,Total
Nepal,NP,NPL,524,Proportion of health care facilities with basic sanitation services,2023,21.06770000000006,Total,,%,,,,Total
Niger,NE,NER,562,Proportion of health care facilities with basic sanitation services,2017,5.5,Total,,%,,,,Total
Niger,NE,NER,562,Proportion of health care facilities with basic sanitation services,2018,5.5,Total,,%,,,,Total
Niger,NE,NER,562,Proportion of health care facilities with basic sanitation services,2019,5.5,Total,,%,,,,Total
Niger,NE,NER,562,Proportion of health care facilities with basic sanitation services,2020,5.5,Total,,%,,,,Total
Niger,NE,NER,562,Proportion of health care facilities with basic sanitation services,2021,5.5,Total,,%,,,,Total
Niger,NE,NER,562,Proportion of health care facilities with basic sanitation services,2022,5.5,Total,,%,,,,Total
Niger,NE,NER,562,Proportion of health care facilities with basic sanitation services,2023,5.5,Total,,%,,,,Total
Nigeria,NG,NGA,566,Proportion of health care facilities with basic sanitation services,2011,1.63460909090827,Total,,%,,,,Total
Nigeria,NG,NGA,566,Proportion of health care facilities with basic sanitation services,2012,1.63460909090827,Total,,%,,,,Total
Nigeria,NG,NGA,566,Proportion of health care facilities with basic sanitation services,2013,1.63460909090827,Total,,%,,,,Total
Nigeria,NG,NGA,566,Proportion of health care facilities with basic sanitation services,2014,1.63460909090827,Total,,%,,,,Total
Nigeria,NG,NGA,566,Proportion of health care facilities with basic sanitation services,2015,1.63460909090827,Total,,%,,,,Total
Nigeria,NG,NGA,566,Proportion of health care facilities with basic sanitation services,2016,5.78286363636289,Total,,%,,,,Total
Nigeria,NG,NGA,566,Proportion of health care facilities with basic sanitation services,2017,9.93111818181751,Total,,%,,,,Total
Nigeria,NG,NGA,566,Proportion of health care facilities with basic sanitation services,2018,14.07937272727213,Total,,%,,,,Total
Nigeria,NG,NGA,566,Proportion of health care facilities with basic sanitation services,2019,18.22762727272675,Total,,%,,,,Total
Nigeria,NG,NGA,566,Proportion of health care facilities with basic sanitation services,2020,22.37588181818137,Total,,%,,,,Total
Nigeria,NG,NGA,566,Proportion of health care facilities with basic sanitation services,2021,26.52413636363599,Total,,%,,,,Total
Nigeria,NG,NGA,566,Proportion of health care facilities with basic sanitation services,2022,29.01289166666675,Total,,%,,,,Total
Nigeria,NG,NGA,566,Proportion of health care facilities with basic sanitation services,2023,28.87556666666683,Total,,%,,,,Total
"Macedonia, the former Yugoslav Republic of",MK,MKD,807,Proportion of health care facilities with basic sanitation services,2000,100,Total,,%,,,,Total
"Macedonia, the former Yugoslav Republic of",MK,MKD,807,Proportion of health care facilities with basic sanitation services,2001,100,Total,,%,,,,Total
"Macedonia, the former Yugoslav Republic of",MK,MKD,807,Proportion of health care facilities with basic sanitation services,2002,100,Total,,%,,,,Total
"Macedonia, the former Yugoslav Republic of",MK,MKD,807,Proportion of health care facilities with basic sanitation services,2003,100,Total,,%,,,,Total
"Macedonia, the former Yugoslav Republic of",MK,MKD,807,Proportion of health care facilities with basic sanitation services,2004,100,Total,,%,,,,Total
"Macedonia, the former Yugoslav Republic of",MK,MKD,807,Proportion of health care facilities with basic sanitation services,2005,100,Total,,%,,,,Total
"Macedonia, the former Yugoslav Republic of",MK,MKD,807,Proportion of health care facilities with basic sanitation services,2006,100,Total,,%,,,,Total
"Macedonia, the former Yugoslav Republic of",MK,MKD,807,Proportion of health care facilities with basic sanitation services,2007,100,Total,,%,,,,Total
"Macedonia, the former Yugoslav Republic of",MK,MKD,807,Proportion of health care facilities with basic sanitation services,2008,100,Total,,%,,,,Total
"Macedonia, the former Yugoslav Republic of",MK,MKD,807,Proportion of health care facilities with basic sanitation services,2009,100,Total,,%,,,,Total
"Macedonia, the former Yugoslav Republic of",MK,MKD,807,Proportion of health care facilities with basic sanitation services,2010,100,Total,,%,,,,Total
"Macedonia, the former Yugoslav Republic of",MK,MKD,807,Proportion of health care facilities with basic sanitation services,2011,100,Total,,%,,,,Total
"Macedonia, the former Yugoslav Republic of",MK,MKD,807,Proportion of health care facilities with basic sanitation services,2012,100,Total,,%,,,,Total
"Macedonia, the former Yugoslav Republic of",MK,MKD,807,Proportion of health care facilities with basic sanitation services,2013,100,Total,,%,,,,Total
"Macedonia, the former Yugoslav Republic of",MK,MKD,807,Proportion of health care facilities with basic sanitation services,2014,100,Total,,%,,,,Total
"Macedonia, the former Yugoslav Republic of",MK,MKD,807,Proportion of health care facilities with basic sanitation services,2015,100,Total,,%,,,,Total
"Macedonia, the former Yugoslav Republic of",MK,MKD,807,Proportion of health care facilities with basic sanitation services,2016,100,Total,,%,,,,Total
"Macedonia, the former Yugoslav Republic of",MK,MKD,807,Proportion of health care facilities with basic sanitation services,2017,100,Total,,%,,,,Total
"Macedonia, the former Yugoslav Republic of",MK,MKD,807,Proportion of health care facilities with basic sanitation services,2018,100,Total,,%,,,,Total
"Macedonia, the former Yugoslav Republic of",MK,MKD,807,Proportion of health care facilities with basic sanitation services,2019,100,Total,,%,,,,Total
"Macedonia, the former Yugoslav Republic of",MK,MKD,807,Proportion of health care facilities with basic sanitation services,2020,100,Total,,%,,,,Total
"Macedonia, the former Yugoslav Republic of",MK,MKD,807,Proportion of health care facilities with basic sanitation services,2021,100,Total,,%,,,,Total
"Macedonia, the former Yugoslav Republic of",MK,MKD,807,Proportion of health care facilities with basic sanitation services,2022,100,Total,,%,,,,Total
"Macedonia, the former Yugoslav Republic of",MK,MKD,807,Proportion of health care facilities with basic sanitation services,2023,100,Total,,%,,,,Total
Oman,OM,OMN,512,Proportion of health care facilities with basic sanitation services,2000,100,Total,,%,,,,Total
Oman,OM,OMN,512,Proportion of health care facilities with basic sanitation services,2001,100,Total,,%,,,,Total
Oman,OM,OMN,512,Proportion of health care facilities with basic sanitation services,2002,100,Total,,%,,,,Total
Oman,OM,OMN,512,Proportion of health care facilities with basic sanitation services,2003,100,Total,,%,,,,Total
Oman,OM,OMN,512,Proportion of health care facilities with basic sanitation services,2004,100,Total,,%,,,,Total
Oman,OM,OMN,512,Proportion of health care facilities with basic sanitation services,2005,100,Total,,%,,,,Total
Oman,OM,OMN,512,Proportion of health care facilities with basic sanitation services,2006,100,Total,,%,,,,Total
Oman,OM,OMN,512,Proportion of health care facilities with basic sanitation services,2007,100,Total,,%,,,,Total
Oman,OM,OMN,512,Proportion of health care facilities with basic sanitation services,2008,100,Total,,%,,,,Total
Oman,OM,OMN,512,Proportion of health care facilities with basic sanitation services,2009,100,Total,,%,,,,Total
Oman,OM,OMN,512,Proportion of health care facilities with basic sanitation services,2010,100,Total,,%,,,,Total
Oman,OM,OMN,512,Proportion of health care facilities with basic sanitation services,2011,100,Total,,%,,,,Total
Oman,OM,OMN,512,Proportion of health care facilities with basic sanitation services,2012,100,Total,,%,,,,Total
Oman,OM,OMN,512,Proportion of health care facilities with basic sanitation services,2013,100,Total,,%,,,,Total
Oman,OM,OMN,512,Proportion of health care facilities with basic sanitation services,2014,100,Total,,%,,,,Total
Oman,OM,OMN,512,Proportion of health care facilities with basic sanitation services,2015,100,Total,,%,,,,Total
Oman,OM,OMN,512,Proportion of health care facilities with basic sanitation services,2016,100,Total,,%,,,,Total
Oman,OM,OMN,512,Proportion of health care facilities with basic sanitation services,2017,94.87179999999999,Total,,%,,,,Total
Oman,OM,OMN,512,Proportion of health care facilities with basic sanitation services,2018,94.87179999999999,Total,,%,,,,Total
Oman,OM,OMN,512,Proportion of health care facilities with basic sanitation services,2019,94.87179999999999,Total,,%,,,,Total
Oman,OM,OMN,512,Proportion of health care facilities with basic sanitation services,2020,94.87179999999999,Total,,%,,,,Total
Oman,OM,OMN,512,Proportion of health care facilities with basic sanitation services,2021,94.87179999999999,Total,,%,,,,Total
Oman,OM,OMN,512,Proportion of health care facilities with basic sanitation services,2022,94.87179999999999,Total,,%,,,,Total
Oman,OM,OMN,512,Proportion of health care facilities with basic sanitation services,2023,94.87179999999999,Total,,%,,,,Total
Pakistan,PK,PAK,586,Proportion of health care facilities with basic sanitation services,2017,15.7214,Total,,%,,,,Total
Pakistan,PK,PAK,586,Proportion of health care facilities with basic sanitation services,2018,15.7214,Total,,%,,,,Total
Pakistan,PK,PAK,586,Proportion of health care facilities with basic sanitation services,2019,15.7214,Total,,%,,,,Total
Pakistan,PK,PAK,586,Proportion of health care facilities with basic sanitation services,2020,15.7214,Total,,%,,,,Total
Pakistan,PK,PAK,586,Proportion of health care facilities with basic sanitation services,2021,15.7214,Total,,%,,,,Total
Pakistan,PK,PAK,586,Proportion of health care facilities with basic sanitation services,2022,15.7214,Total,,%,,,,Total
Pakistan,PK,PAK,586,Proportion of health care facilities with basic sanitation services,2023,15.7214,Total,,%,,,,Total
Palau,PW,PLW,585,Proportion of health care facilities with basic sanitation services,2017,0,Total,,%,,,,Total
Palau,PW,PLW,585,Proportion of health care facilities with basic sanitation services,2018,0,Total,,%,,,,Total
Palau,PW,PLW,585,Proportion of health care facilities with basic sanitation services,2019,0,Total,,%,,,,Total
Palau,PW,PLW,585,Proportion of health care facilities with basic sanitation services,2020,0,Total,,%,,,,Total
Palau,PW,PLW,585,Proportion of health care facilities with basic sanitation services,2021,0,Total,,%,,,,Total
Palau,PW,PLW,585,Proportion of health care facilities with basic sanitation services,2022,0,Total,,%,,,,Total
Palau,PW,PLW,585,Proportion of health care facilities with basic sanitation services,2023,0,Total,,%,,,,Total
Paraguay,PY,PRY,600,Proportion of health care facilities with basic sanitation services,2013,26.1538,Total,,%,,,,Total
Paraguay,PY,PRY,600,Proportion of health care facilities with basic sanitation services,2014,26.1538,Total,,%,,,,Total
Paraguay,PY,PRY,600,Proportion of health care facilities with basic sanitation services,2015,26.1538,Total,,%,,,,Total
Paraguay,PY,PRY,600,Proportion of health care facilities with basic sanitation services,2016,26.1538,Total,,%,,,,Total
Paraguay,PY,PRY,600,Proportion of health care facilities with basic sanitation services,2017,26.1538,Total,,%,,,,Total
Paraguay,PY,PRY,600,Proportion of health care facilities with basic sanitation services,2018,26.1538,Total,,%,,,,Total
Paraguay,PY,PRY,600,Proportion of health care facilities with basic sanitation services,2019,26.1538,Total,,%,,,,Total
Paraguay,PY,PRY,600,Proportion of health care facilities with basic sanitation services,2020,26.1538,Total,,%,,,,Total
Paraguay,PY,PRY,600,Proportion of health care facilities with basic sanitation services,2021,26.1538,Total,,%,,,,Total
Peru,PE,PER,604,Proportion of health care facilities with basic sanitation services,2013,6.7708,Total,,%,,,,Total
Peru,PE,PER,604,Proportion of health care facilities with basic sanitation services,2014,6.7708,Total,,%,,,,Total
Peru,PE,PER,604,Proportion of health care facilities with basic sanitation services,2015,6.7708,Total,,%,,,,Total
Peru,PE,PER,604,Proportion of health care facilities with basic sanitation services,2016,6.7708,Total,,%,,,,Total
Peru,PE,PER,604,Proportion of health care facilities with basic sanitation services,2017,6.7708,Total,,%,,,,Total
Peru,PE,PER,604,Proportion of health care facilities with basic sanitation services,2018,6.7708,Total,,%,,,,Total
Peru,PE,PER,604,Proportion of health care facilities with basic sanitation services,2019,6.7708,Total,,%,,,,Total
Peru,PE,PER,604,Proportion of health care facilities with basic sanitation services,2020,6.7708,Total,,%,,,,Total
Peru,PE,PER,604,Proportion of health care facilities with basic sanitation services,2021,6.7708,Total,,%,,,,Total
Philippines,PH,PHL,608,Proportion of health care facilities with basic sanitation services,2019,75.18660000000001,Total,,%,,,,Total
Philippines,PH,PHL,608,Proportion of health care facilities with basic sanitation services,2020,75.18660000000001,Total,,%,,,,Total
Philippines,PH,PHL,608,Proportion of health care facilities with basic sanitation services,2021,75.18660000000001,Total,,%,,,,Total
Philippines,PH,PHL,608,Proportion of health care facilities with basic sanitation services,2022,75.18660000000001,Total,,%,,,,Total
Philippines,PH,PHL,608,Proportion of health care facilities with basic sanitation services,2023,75.18660000000001,Total,,%,,,,Total
Qatar,QA,QAT,634,Proportion of health care facilities with basic sanitation services,2000,100,Total,,%,,,,Total
Qatar,QA,QAT,634,Proportion of health care facilities with basic sanitation services,2001,100,Total,,%,,,,Total
Qatar,QA,QAT,634,Proportion of health care facilities with basic sanitation services,2002,100,Total,,%,,,,Total
Qatar,QA,QAT,634,Proportion of health care facilities with basic sanitation services,2003,100,Total,,%,,,,Total
Qatar,QA,QAT,634,Proportion of health care facilities with basic sanitation services,2004,100,Total,,%,,,,Total
Qatar,QA,QAT,634,Proportion of health care facilities with basic sanitation services,2005,100,Total,,%,,,,Total
Qatar,QA,QAT,634,Proportion of health care facilities with basic sanitation services,2006,100,Total,,%,,,,Total
Qatar,QA,QAT,634,Proportion of health care facilities with basic sanitation services,2007,100,Total,,%,,,,Total
Qatar,QA,QAT,634,Proportion of health care facilities with basic sanitation services,2008,100,Total,,%,,,,Total
Qatar,QA,QAT,634,Proportion of health care facilities with basic sanitation services,2009,100,Total,,%,,,,Total
Qatar,QA,QAT,634,Proportion of health care facilities with basic sanitation services,2010,100,Total,,%,,,,Total
Qatar,QA,QAT,634,Proportion of health care facilities with basic sanitation services,2011,100,Total,,%,,,,Total
Qatar,QA,QAT,634,Proportion of health care facilities with basic sanitation services,2012,100,Total,,%,,,,Total
Qatar,QA,QAT,634,Proportion of health care facilities with basic sanitation services,2013,100,Total,,%,,,,Total
Qatar,QA,QAT,634,Proportion of health care facilities with basic sanitation services,2014,100,Total,,%,,,,Total
Qatar,QA,QAT,634,Proportion of health care facilities with basic sanitation services,2015,100,Total,,%,,,,Total
Qatar,QA,QAT,634,Proportion of health care facilities with basic sanitation services,2016,100,Total,,%,,,,Total
Qatar,QA,QAT,634,Proportion of health care facilities with basic sanitation services,2017,100,Total,,%,,,,Total
Qatar,QA,QAT,634,Proportion of health care facilities with basic sanitation services,2018,100,Total,,%,,,,Total
Qatar,QA,QAT,634,Proportion of health care facilities with basic sanitation services,2019,100,Total,,%,,,,Total
Qatar,QA,QAT,634,Proportion of health care facilities with basic sanitation services,2020,100,Total,,%,,,,Total
Qatar,QA,QAT,634,Proportion of health care facilities with basic sanitation services,2021,100,Total,,%,,,,Total
Qatar,QA,QAT,634,Proportion of health care facilities with basic sanitation services,2022,100,Total,,%,,,,Total
Qatar,QA,QAT,634,Proportion of health care facilities with basic sanitation services,2023,100,Total,,%,,,,Total
Rwanda,RW,RWA,646,Proportion of health care facilities with basic sanitation services,2019,11.3518,Total,,%,,,,Total
Rwanda,RW,RWA,646,Proportion of health care facilities with basic sanitation services,2020,11.3518,Total,,%,,,,Total
Rwanda,RW,RWA,646,Proportion of health care facilities with basic sanitation services,2021,11.3518,Total,,%,,,,Total
Rwanda,RW,RWA,646,Proportion of health care facilities with basic sanitation services,2022,11.3518,Total,,%,,,,Total
Rwanda,RW,RWA,646,Proportion of health care facilities with basic sanitation services,2023,11.3518,Total,,%,,,,Total
Samoa,WS,WSM,882,Proportion of health care facilities with basic sanitation services,2016,84.61538461538461,Total,,%,,,,Total
Samoa,WS,WSM,882,Proportion of health care facilities with basic sanitation services,2017,84.61538461538461,Total,,%,,,,Total
Samoa,WS,WSM,882,Proportion of health care facilities with basic sanitation services,2018,84.61538461538461,Total,,%,,,,Total
Samoa,WS,WSM,882,Proportion of health care facilities with basic sanitation services,2019,84.61538461538461,Total,,%,,,,Total
Samoa,WS,WSM,882,Proportion of health care facilities with basic sanitation services,2020,84.61538461538461,Total,,%,,,,Total
Samoa,WS,WSM,882,Proportion of health care facilities with basic sanitation services,2021,84.61538461538461,Total,,%,,,,Total
Samoa,WS,WSM,882,Proportion of health care facilities with basic sanitation services,2022,84.61538461538461,Total,,%,,,,Total
Samoa,WS,WSM,882,Proportion of health care facilities with basic sanitation services,2023,84.61538461538461,Total,,%,,,,Total
Saudi Arabia,SA,SAU,682,Proportion of health care facilities with basic sanitation services,2000,100,Total,,%,,,,Total
Saudi Arabia,SA,SAU,682,Proportion of health care facilities with basic sanitation services,2001,100,Total,,%,,,,Total
Saudi Arabia,SA,SAU,682,Proportion of health care facilities with basic sanitation services,2002,100,Total,,%,,,,Total
Saudi Arabia,SA,SAU,682,Proportion of health care facilities with basic sanitation services,2003,100,Total,,%,,,,Total
Saudi Arabia,SA,SAU,682,Proportion of health care facilities with basic sanitation services,2004,100,Total,,%,,,,Total
Saudi Arabia,SA,SAU,682,Proportion of health care facilities with basic sanitation services,2005,100,Total,,%,,,,Total
Saudi Arabia,SA,SAU,682,Proportion of health care facilities with basic sanitation services,2006,100,Total,,%,,,,Total
Saudi Arabia,SA,SAU,682,Proportion of health care facilities with basic sanitation services,2007,100,Total,,%,,,,Total
Saudi Arabia,SA,SAU,682,Proportion of health care facilities with basic sanitation services,2008,100,Total,,%,,,,Total
Saudi Arabia,SA,SAU,682,Proportion of health care facilities with basic sanitation services,2009,100,Total,,%,,,,Total
Saudi Arabia,SA,SAU,682,Proportion of health care facilities with basic sanitation services,2010,100,Total,,%,,,,Total
Saudi Arabia,SA,SAU,682,Proportion of health care facilities with basic sanitation services,2011,100,Total,,%,,,,Total
Saudi Arabia,SA,SAU,682,Proportion of health care facilities with basic sanitation services,2012,100,Total,,%,,,,Total
Saudi Arabia,SA,SAU,682,Proportion of health care facilities with basic sanitation services,2013,100,Total,,%,,,,Total
Saudi Arabia,SA,SAU,682,Proportion of health care facilities with basic sanitation services,2014,100,Total,,%,,,,Total
Saudi Arabia,SA,SAU,682,Proportion of health care facilities with basic sanitation services,2015,100,Total,,%,,,,Total
Saudi Arabia,SA,SAU,682,Proportion of health care facilities with basic sanitation services,2016,100,Total,,%,,,,Total
Saudi Arabia,SA,SAU,682,Proportion of health care facilities with basic sanitation services,2017,100,Total,,%,,,,Total
Saudi Arabia,SA,SAU,682,Proportion of health care facilities with basic sanitation services,2018,100,Total,,%,,,,Total
Saudi Arabia,SA,SAU,682,Proportion of health care facilities with basic sanitation services,2019,100,Total,,%,,,,Total
Saudi Arabia,SA,SAU,682,Proportion of health care facilities with basic sanitation services,2020,100,Total,,%,,,,Total
Saudi Arabia,SA,SAU,682,Proportion of health care facilities with basic sanitation services,2021,100,Total,,%,,,,Total
Saudi Arabia,SA,SAU,682,Proportion of health care facilities with basic sanitation services,2022,100,Total,,%,,,,Total
Saudi Arabia,SA,SAU,682,Proportion of health care facilities with basic sanitation services,2023,100,Total,,%,,,,Total
Serbia,RS,SRB,688,Proportion of health care facilities with basic sanitation services,2015,6.300000000000001,Total,,%,,,,Total
Serbia,RS,SRB,688,Proportion of health care facilities with basic sanitation services,2016,6.300000000000001,Total,,%,,,,Total
Serbia,RS,SRB,688,Proportion of health care facilities with basic sanitation services,2017,6.300000000000001,Total,,%,,,,Total
Serbia,RS,SRB,688,Proportion of health care facilities with basic sanitation services,2018,6.300000000000001,Total,,%,,,,Total
Serbia,RS,SRB,688,Proportion of health care facilities with basic sanitation services,2019,6.300000000000001,Total,,%,,,,Total
Serbia,RS,SRB,688,Proportion of health care facilities with basic sanitation services,2020,6.300000000000001,Total,,%,,,,Total
Serbia,RS,SRB,688,Proportion of health care facilities with basic sanitation services,2021,6.300000000000001,Total,,%,,,,Total
Serbia,RS,SRB,688,Proportion of health care facilities with basic sanitation services,2022,6.300000000000001,Total,,%,,,,Total
Serbia,RS,SRB,688,Proportion of health care facilities with basic sanitation services,2023,6.300000000000001,Total,,%,,,,Total
Sierra Leone,SL,SLE,694,Proportion of health care facilities with basic sanitation services,2012,2.31789999999819,Total,,%,,,,Total
Sierra Leone,SL,SLE,694,Proportion of health care facilities with basic sanitation services,2013,2.31789999999819,Total,,%,,,,Total
Sierra Leone,SL,SLE,694,Proportion of health care facilities with basic sanitation services,2014,2.31789999999819,Total,,%,,,,Total
Sierra Leone,SL,SLE,694,Proportion of health care facilities with basic sanitation services,2015,2.31789999999819,Total,,%,,,,Total
Sierra Leone,SL,SLE,694,Proportion of health care facilities with basic sanitation services,2016,2.31789999999819,Total,,%,,,,Total
Sierra Leone,SL,SLE,694,Proportion of health care facilities with basic sanitation services,2017,8.458199999999124,Total,,%,,,,Total
Sierra Leone,SL,SLE,694,Proportion of health care facilities with basic sanitation services,2018,14.59849999999824,Total,,%,,,,Total
Sierra Leone,SL,SLE,694,Proportion of health care facilities with basic sanitation services,2019,20.73879999999917,Total,,%,,,,Total
Sierra Leone,SL,SLE,694,Proportion of health care facilities with basic sanitation services,2020,26.87909999999829,Total,,%,,,,Total
Sierra Leone,SL,SLE,694,Proportion of health care facilities with basic sanitation services,2021,33.01939999999922,Total,,%,,,,Total
Sierra Leone,SL,SLE,694,Proportion of health care facilities with basic sanitation services,2022,39.15969999999834,Total,,%,,,,Total
Sierra Leone,SL,SLE,694,Proportion of health care facilities with basic sanitation services,2023,45.29999999999927,Total,,%,,,,Total
Singapore,SG,SGP,702,Proportion of health care facilities with basic sanitation services,2000,100,Total,,%,,,,Total
Singapore,SG,SGP,702,Proportion of health care facilities with basic sanitation services,2001,100,Total,,%,,,,Total
Singapore,SG,SGP,702,Proportion of health care facilities with basic sanitation services,2002,100,Total,,%,,,,Total
Singapore,SG,SGP,702,Proportion of health care facilities with basic sanitation services,2003,100,Total,,%,,,,Total
Singapore,SG,SGP,702,Proportion of health care facilities with basic sanitation services,2004,100,Total,,%,,,,Total
Singapore,SG,SGP,702,Proportion of health care facilities with basic sanitation services,2005,100,Total,,%,,,,Total
Singapore,SG,SGP,702,Proportion of health care facilities with basic sanitation services,2006,100,Total,,%,,,,Total
Singapore,SG,SGP,702,Proportion of health care facilities with basic sanitation services,2007,100,Total,,%,,,,Total
Singapore,SG,SGP,702,Proportion of health care facilities with basic sanitation services,2008,100,Total,,%,,,,Total
Singapore,SG,SGP,702,Proportion of health care facilities with basic sanitation services,2009,100,Total,,%,,,,Total
Singapore,SG,SGP,702,Proportion of health care facilities with basic sanitation services,2010,100,Total,,%,,,,Total
Singapore,SG,SGP,702,Proportion of health care facilities with basic sanitation services,2011,100,Total,,%,,,,Total
Singapore,SG,SGP,702,Proportion of health care facilities with basic sanitation services,2012,100,Total,,%,,,,Total
Singapore,SG,SGP,702,Proportion of health care facilities with basic sanitation services,2013,100,Total,,%,,,,Total
Singapore,SG,SGP,702,Proportion of health care facilities with basic sanitation services,2014,100,Total,,%,,,,Total
Singapore,SG,SGP,702,Proportion of health care facilities with basic sanitation services,2015,100,Total,,%,,,,Total
Singapore,SG,SGP,702,Proportion of health care facilities with basic sanitation services,2016,100,Total,,%,,,,Total
Singapore,SG,SGP,702,Proportion of health care facilities with basic sanitation services,2017,100,Total,,%,,,,Total
Singapore,SG,SGP,702,Proportion of health care facilities with basic sanitation services,2018,100,Total,,%,,,,Total
Singapore,SG,SGP,702,Proportion of health care facilities with basic sanitation services,2019,100,Total,,%,,,,Total
Singapore,SG,SGP,702,Proportion of health care facilities with basic sanitation services,2020,100,Total,,%,,,,Total
Singapore,SG,SGP,702,Proportion of health care facilities with basic sanitation services,2021,100,Total,,%,,,,Total
Singapore,SG,SGP,702,Proportion of health care facilities with basic sanitation services,2022,100,Total,,%,,,,Total
Singapore,SG,SGP,702,Proportion of health care facilities with basic sanitation services,2023,100,Total,,%,,,,Total
Solomon Islands,SB,SLB,90,Proportion of health care facilities with basic sanitation services,2016,4.924200000000001,Total,,%,,,,Total
Solomon Islands,SB,SLB,90,Proportion of health care facilities with basic sanitation services,2017,4.924200000000001,Total,,%,,,,Total
Solomon Islands,SB,SLB,90,Proportion of health care facilities with basic sanitation services,2018,4.924200000000001,Total,,%,,,,Total
Solomon Islands,SB,SLB,90,Proportion of health care facilities with basic sanitation services,2019,4.924200000000001,Total,,%,,,,Total
Solomon Islands,SB,SLB,90,Proportion of health care facilities with basic sanitation services,2020,4.924200000000001,Total,,%,,,,Total
Solomon Islands,SB,SLB,90,Proportion of health care facilities with basic sanitation services,2021,4.924200000000001,Total,,%,,,,Total
Solomon Islands,SB,SLB,90,Proportion of health care facilities with basic sanitation services,2022,4.924200000000001,Total,,%,,,,Total
Solomon Islands,SB,SLB,90,Proportion of health care facilities with basic sanitation services,2023,4.924200000000001,Total,,%,,,,Total
Somalia,SO,SOM,706,Proportion of health care facilities with basic sanitation services,2019,20.1422,Total,,%,,,,Total
Somalia,SO,SOM,706,Proportion of health care facilities with basic sanitation services,2020,20.1422,Total,,%,,,,Total
Somalia,SO,SOM,706,Proportion of health care facilities with basic sanitation services,2021,20.1422,Total,,%,,,,Total
Somalia,SO,SOM,706,Proportion of health care facilities with basic sanitation services,2022,20.1422,Total,,%,,,,Total
Somalia,SO,SOM,706,Proportion of health care facilities with basic sanitation services,2023,20.1422,Total,,%,,,,Total
Sri Lanka,LK,LKA,144,Proportion of health care facilities with basic sanitation services,2018,32.55813953488372,Total,,%,,,,Total
Sri Lanka,LK,LKA,144,Proportion of health care facilities with basic sanitation services,2019,32.55813953488372,Total,,%,,,,Total
Sri Lanka,LK,LKA,144,Proportion of health care facilities with basic sanitation services,2020,32.55813953488372,Total,,%,,,,Total
Sri Lanka,LK,LKA,144,Proportion of health care facilities with basic sanitation services,2021,32.55813953488372,Total,,%,,,,Total
Sri Lanka,LK,LKA,144,Proportion of health care facilities with basic sanitation services,2022,32.55813953488372,Total,,%,,,,Total
Sri Lanka,LK,LKA,144,Proportion of health care facilities with basic sanitation services,2023,32.55813953488372,Total,,%,,,,Total
"Palestinian Territory, Occupied",PS,PSE,275,Proportion of health care facilities with basic sanitation services,2017,4.0816,Total,,%,,,,Total
"Palestinian Territory, Occupied",PS,PSE,275,Proportion of health care facilities with basic sanitation services,2018,4.0816,Total,,%,,,,Total
"Palestinian Territory, Occupied",PS,PSE,275,Proportion of health care facilities with basic sanitation services,2019,4.0816,Total,,%,,,,Total
"Palestinian Territory, Occupied",PS,PSE,275,Proportion of health care facilities with basic sanitation services,2020,4.0816,Total,,%,,,,Total
"Palestinian Territory, Occupied",PS,PSE,275,Proportion of health care facilities with basic sanitation services,2021,4.0816,Total,,%,,,,Total
"Palestinian Territory, Occupied",PS,PSE,275,Proportion of health care facilities with basic sanitation services,2022,4.0816,Total,,%,,,,Total
"Palestinian Territory, Occupied",PS,PSE,275,Proportion of health care facilities with basic sanitation services,2023,4.0816,Total,,%,,,,Total
Sudan,SD,SDN,736,Proportion of health care facilities with basic sanitation services,2017,6.521700000000001,Total,,%,,,,Total
Sudan,SD,SDN,736,Proportion of health care facilities with basic sanitation services,2018,6.521700000000001,Total,,%,,,,Total
Sudan,SD,SDN,736,Proportion of health care facilities with basic sanitation services,2019,6.521700000000001,Total,,%,,,,Total
Sudan,SD,SDN,736,Proportion of health care facilities with basic sanitation services,2020,6.521700000000001,Total,,%,,,,Total
Sudan,SD,SDN,736,Proportion of health care facilities with basic sanitation services,2021,6.521700000000001,Total,,%,,,,Total
Sudan,SD,SDN,736,Proportion of health care facilities with basic sanitation services,2022,6.521700000000001,Total,,%,,,,Total
Sudan,SD,SDN,736,Proportion of health care facilities with basic sanitation services,2023,6.521700000000001,Total,,%,,,,Total
Syrian Arab Republic,SY,SYR,760,Proportion of health care facilities with basic sanitation services,2018,14.6341,Total,,%,,,,Total
Syrian Arab Republic,SY,SYR,760,Proportion of health care facilities with basic sanitation services,2019,14.6341,Total,,%,,,,Total
Syrian Arab Republic,SY,SYR,760,Proportion of health care facilities with basic sanitation services,2020,14.6341,Total,,%,,,,Total
Syrian Arab Republic,SY,SYR,760,Proportion of health care facilities with basic sanitation services,2021,14.6341,Total,,%,,,,Total
Syrian Arab Republic,SY,SYR,760,Proportion of health care facilities with basic sanitation services,2022,14.6341,Total,,%,,,,Total
Syrian Arab Republic,SY,SYR,760,Proportion of health care facilities with basic sanitation services,2023,14.6341,Total,,%,,,,Total
Tajikistan,TJ,TJK,762,Proportion of health care facilities with basic sanitation services,2017,1.428571428571429,Total,,%,,,,Total
Tajikistan,TJ,TJK,762,Proportion of health care facilities with basic sanitation services,2018,1.428571428571429,Total,,%,,,,Total
Tajikistan,TJ,TJK,762,Proportion of health care facilities with basic sanitation services,2019,1.428571428571429,Total,,%,,,,Total
Tajikistan,TJ,TJK,762,Proportion of health care facilities with basic sanitation services,2020,1.428571428571429,Total,,%,,,,Total
Tajikistan,TJ,TJK,762,Proportion of health care facilities with basic sanitation services,2021,1.428571428571429,Total,,%,,,,Total
Tajikistan,TJ,TJK,762,Proportion of health care facilities with basic sanitation services,2022,1.428571428571429,Total,,%,,,,Total
Tajikistan,TJ,TJK,762,Proportion of health care facilities with basic sanitation services,2023,1.428571428571429,Total,,%,,,,Total
Thailand,TH,THA,764,Proportion of health care facilities with basic sanitation services,2014,81.14332,Total,,%,,,,Total
Thailand,TH,THA,764,Proportion of health care facilities with basic sanitation services,2015,81.14332,Total,,%,,,,Total
Thailand,TH,THA,764,Proportion of health care facilities with basic sanitation services,2016,81.14332,Total,,%,,,,Total
Thailand,TH,THA,764,Proportion of health care facilities with basic sanitation services,2017,81.14332,Total,,%,,,,Total
Thailand,TH,THA,764,Proportion of health care facilities with basic sanitation services,2018,81.14332,Total,,%,,,,Total
Thailand,TH,THA,764,Proportion of health care facilities with basic sanitation services,2019,81.14332,Total,,%,,,,Total
Thailand,TH,THA,764,Proportion of health care facilities with basic sanitation services,2020,81.14332,Total,,%,,,,Total
Thailand,TH,THA,764,Proportion of health care facilities with basic sanitation services,2021,81.14332,Total,,%,,,,Total
Thailand,TH,THA,764,Proportion of health care facilities with basic sanitation services,2022,81.14332,Total,,%,,,,Total
Tokelau,TK,TKL,772,Proportion of health care facilities with basic sanitation services,2000,100,Total,,%,,,,Total
Tokelau,TK,TKL,772,Proportion of health care facilities with basic sanitation services,2001,100,Total,,%,,,,Total
Tokelau,TK,TKL,772,Proportion of health care facilities with basic sanitation services,2002,100,Total,,%,,,,Total
Tokelau,TK,TKL,772,Proportion of health care facilities with basic sanitation services,2003,100,Total,,%,,,,Total
Tokelau,TK,TKL,772,Proportion of health care facilities with basic sanitation services,2004,100,Total,,%,,,,Total
Tokelau,TK,TKL,772,Proportion of health care facilities with basic sanitation services,2005,100,Total,,%,,,,Total
Tokelau,TK,TKL,772,Proportion of health care facilities with basic sanitation services,2006,100,Total,,%,,,,Total
Tokelau,TK,TKL,772,Proportion of health care facilities with basic sanitation services,2007,100,Total,,%,,,,Total
Tokelau,TK,TKL,772,Proportion of health care facilities with basic sanitation services,2008,100,Total,,%,,,,Total
Tokelau,TK,TKL,772,Proportion of health care facilities with basic sanitation services,2009,100,Total,,%,,,,Total
Tokelau,TK,TKL,772,Proportion of health care facilities with basic sanitation services,2010,100,Total,,%,,,,Total
Tokelau,TK,TKL,772,Proportion of health care facilities with basic sanitation services,2011,100,Total,,%,,,,Total
Tokelau,TK,TKL,772,Proportion of health care facilities with basic sanitation services,2012,100,Total,,%,,,,Total
Tokelau,TK,TKL,772,Proportion of health care facilities with basic sanitation services,2013,100,Total,,%,,,,Total
Tokelau,TK,TKL,772,Proportion of health care facilities with basic sanitation services,2014,100,Total,,%,,,,Total
Tokelau,TK,TKL,772,Proportion of health care facilities with basic sanitation services,2015,100,Total,,%,,,,Total
Tokelau,TK,TKL,772,Proportion of health care facilities with basic sanitation services,2016,100,Total,,%,,,,Total
Tokelau,TK,TKL,772,Proportion of health care facilities with basic sanitation services,2017,100,Total,,%,,,,Total
Tokelau,TK,TKL,772,Proportion of health care facilities with basic sanitation services,2018,100,Total,,%,,,,Total
Tokelau,TK,TKL,772,Proportion of health care facilities with basic sanitation services,2019,100,Total,,%,,,,Total
Tokelau,TK,TKL,772,Proportion of health care facilities with basic sanitation services,2020,100,Total,,%,,,,Total
Tokelau,TK,TKL,772,Proportion of health care facilities with basic sanitation services,2021,100,Total,,%,,,,Total
Tokelau,TK,TKL,772,Proportion of health care facilities with basic sanitation services,2022,100,Total,,%,,,,Total
Tokelau,TK,TKL,772,Proportion of health care facilities with basic sanitation services,2023,100,Total,,%,,,,Total
Tunisia,TN,TUN,788,Proportion of health care facilities with basic sanitation services,2017,3.0063,Total,,%,,,,Total
Tunisia,TN,TUN,788,Proportion of health care facilities with basic sanitation services,2018,3.0063,Total,,%,,,,Total
Tunisia,TN,TUN,788,Proportion of health care facilities with basic sanitation services,2019,3.0063,Total,,%,,,,Total
Tunisia,TN,TUN,788,Proportion of health care facilities with basic sanitation services,2020,3.0063,Total,,%,,,,Total
Tunisia,TN,TUN,788,Proportion of health care facilities with basic sanitation services,2021,3.0063,Total,,%,,,,Total
Tunisia,TN,TUN,788,Proportion of health care facilities with basic sanitation services,2022,3.0063,Total,,%,,,,Total
Tunisia,TN,TUN,788,Proportion of health care facilities with basic sanitation services,2023,3.0063,Total,,%,,,,Total
Uganda,UG,UGA,800,Proportion of health care facilities with basic sanitation services,2009,11.7207,Total,,%,,,,Total
Uganda,UG,UGA,800,Proportion of health care facilities with basic sanitation services,2010,11.7207,Total,,%,,,,Total
Uganda,UG,UGA,800,Proportion of health care facilities with basic sanitation services,2011,11.7207,Total,,%,,,,Total
Uganda,UG,UGA,800,Proportion of health care facilities with basic sanitation services,2012,11.7207,Total,,%,,,,Total
Uganda,UG,UGA,800,Proportion of health care facilities with basic sanitation services,2013,11.7207,Total,,%,,,,Total
Uganda,UG,UGA,800,Proportion of health care facilities with basic sanitation services,2014,11.7207,Total,,%,,,,Total
Uganda,UG,UGA,800,Proportion of health care facilities with basic sanitation services,2015,11.7207,Total,,%,,,,Total
Uganda,UG,UGA,800,Proportion of health care facilities with basic sanitation services,2016,11.7207,Total,,%,,,,Total
Uganda,UG,UGA,800,Proportion of health care facilities with basic sanitation services,2017,8.800000000000001,Total,,%,,,,Total
Uganda,UG,UGA,800,Proportion of health care facilities with basic sanitation services,2018,8.800000000000001,Total,,%,,,,Total
Uganda,UG,UGA,800,Proportion of health care facilities with basic sanitation services,2019,8.800000000000001,Total,,%,,,,Total
Uganda,UG,UGA,800,Proportion of health care facilities with basic sanitation services,2020,8.800000000000001,Total,,%,,,,Total
Uganda,UG,UGA,800,Proportion of health care facilities with basic sanitation services,2021,8.800000000000001,Total,,%,,,,Total
Uganda,UG,UGA,800,Proportion of health care facilities with basic sanitation services,2022,8.800000000000001,Total,,%,,,,Total
Uganda,UG,UGA,800,Proportion of health care facilities with basic sanitation services,2023,8.800000000000001,Total,,%,,,,Total
"Tanzania, United Republic of",TZ,TZA,834,Proportion of health care facilities with basic sanitation services,2008,0,Total,,%,,,,Total
"Tanzania, United Republic of",TZ,TZA,834,Proportion of health care facilities with basic sanitation services,2009,0,Total,,%,,,,Total
"Tanzania, United Republic of",TZ,TZA,834,Proportion of health care facilities with basic sanitation services,2010,0,Total,,%,,,,Total
"Tanzania, United Republic of",TZ,TZA,834,Proportion of health care facilities with basic sanitation services,2011,0,Total,,%,,,,Total
"Tanzania, United Republic of",TZ,TZA,834,Proportion of health care facilities with basic sanitation services,2012,5.486300000000001,Total,,%,,,,Total
"Tanzania, United Republic of",TZ,TZA,834,Proportion of health care facilities with basic sanitation services,2013,5.486300000000001,Total,,%,,,,Total
"Tanzania, United Republic of",TZ,TZA,834,Proportion of health care facilities with basic sanitation services,2014,5.486300000000001,Total,,%,,,,Total
"Tanzania, United Republic of",TZ,TZA,834,Proportion of health care facilities with basic sanitation services,2015,5.486300000000001,Total,,%,,,,Total
"Tanzania, United Republic of",TZ,TZA,834,Proportion of health care facilities with basic sanitation services,2016,5.486300000000001,Total,,%,,,,Total
"Tanzania, United Republic of",TZ,TZA,834,Proportion of health care facilities with basic sanitation services,2017,5.486300000000001,Total,,%,,,,Total
"Tanzania, United Republic of",TZ,TZA,834,Proportion of health care facilities with basic sanitation services,2018,5.486300000000001,Total,,%,,,,Total
"Tanzania, United Republic of",TZ,TZA,834,Proportion of health care facilities with basic sanitation services,2019,5.63625,Total,,%,,,,Total
"Tanzania, United Republic of",TZ,TZA,834,Proportion of health care facilities with basic sanitation services,2020,5.63625,Total,,%,,,,Total
"Tanzania, United Republic of",TZ,TZA,834,Proportion of health care facilities with basic sanitation services,2021,5.63625,Total,,%,,,,Total
"Tanzania, United Republic of",TZ,TZA,834,Proportion of health care facilities with basic sanitation services,2022,5.63625,Total,,%,,,,Total
Vanuatu,VU,VUT,548,Proportion of health care facilities with basic sanitation services,2016,8.805000000000001,Total,,%,,,,Total
Vanuatu,VU,VUT,548,Proportion of health care facilities with basic sanitation services,2017,8.805000000000001,Total,,%,,,,Total
Vanuatu,VU,VUT,548,Proportion of health care facilities with basic sanitation services,2018,8.805000000000001,Total,,%,,,,Total
Vanuatu,VU,VUT,548,Proportion of health care facilities with basic sanitation services,2019,8.805000000000001,Total,,%,,,,Total
Vanuatu,VU,VUT,548,Proportion of health care facilities with basic sanitation services,2020,8.805000000000001,Total,,%,,,,Total
Vanuatu,VU,VUT,548,Proportion of health care facilities with basic sanitation services,2021,8.805000000000001,Total,,%,,,,Total
Vanuatu,VU,VUT,548,Proportion of health care facilities with basic sanitation services,2022,8.805000000000001,Total,,%,,,,Total
Vanuatu,VU,VUT,548,Proportion of health care facilities with basic sanitation services,2023,8.805000000000001,Total,,%,,,,Total
Yemen,YE,YEM,887,Proportion of health care facilities with basic sanitation services,2019,4,Total,,%,,,,Total
Yemen,YE,YEM,887,Proportion of health care facilities with basic sanitation services,2020,4,Total,,%,,,,Total
Yemen,YE,YEM,887,Proportion of health care facilities with basic sanitation services,2021,4,Total,,%,,,,Total
Yemen,YE,YEM,887,Proportion of health care facilities with basic sanitation services,2022,4,Total,,%,,,,Total
Yemen,YE,YEM,887,Proportion of health care facilities with basic sanitation services,2023,4,Total,,%,,,,Total
Zimbabwe,ZW,ZWE,716,Proportion of health care facilities with basic sanitation services,2014,17.1,Total,,%,,,,Total
Zimbabwe,ZW,ZWE,716,Proportion of health care facilities with basic sanitation services,2015,17.1,Total,,%,,,,Total
Zimbabwe,ZW,ZWE,716,Proportion of health care facilities with basic sanitation services,2016,17.1,Total,,%,,,,Total
Zimbabwe,ZW,ZWE,716,Proportion of health care facilities with basic sanitation services,2017,17.1,Total,,%,,,,Total
Zimbabwe,ZW,ZWE,716,Proportion of health care facilities with basic sanitation services,2018,17.1,Total,,%,,,,Total
Zimbabwe,ZW,ZWE,716,Proportion of health care facilities with basic sanitation services,2019,17.1,Total,,%,,,,Total
Zimbabwe,ZW,ZWE,716,Proportion of health care facilities with basic sanitation services,2020,17.1,Total,,%,,,,Total
Zimbabwe,ZW,ZWE,716,Proportion of health care facilities with basic sanitation services,2021,17.1,Total,,%,,,,Total
Zimbabwe,ZW,ZWE,716,Proportion of health care facilities with basic sanitation services,2022,17.1,Total,,%,,,,Total
